[
  { "id": 1, "city": "Anantapuram", "district": "Anantapur", "status": "Available", "lat": 14.6819, "lng": 77.6006 },
  { "id": 2, "city": "Chittoor", "district": "Chittoor", "status": "Busy", "lat": 13.2172, "lng": 79.1003 },
  { "id": 3, "city": "Eluru", "district": "Eluru", "status": "Available", "lat": 16.7107, "lng": 81.0952 },
  { "id": 4, "city": "Guntur", "district": "Guntur", "status": "Available", "lat": 16.3067, "lng": 80.4365 },
  { "id": 5, "city": "Kadapa", "district": "YSR Kadapa", "status": "Busy", "lat": 14.4674, "lng": 78.8241 },
  { "id": 6, "city": "Kakinada", "district": "Kakinada", "status": "Available", "lat": 16.9891, "lng": 82.2475 },
  { "id": 7, "city": "Kurnool", "district": "Kurnool", "status": "Maintenance", "lat": 15.8281, "lng": 78.0373 },
  { "id": 8, "city": "Machilipatnam", "district": "Krishna", "status": "Available", "lat": 16.1875, "lng": 81.1389 },
  { "id": 9, "city": "Mangalagiri Tadepalli", "district": "Guntur", "status": "Busy", "lat": 16.4293, "lng": 80.5685 },
  { "id": 10, "city": "Nellore", "district": "Nellore", "status": "Available", "lat": 14.4426, "lng": 79.9865 },

  { "id": 11, "city": "Ongole", "district": "Prakasam", "status": "Busy", "lat": 15.5057, "lng": 80.0499 },
  { "id": 12, "city": "Rajamahendravaram", "district": "East Godavari", "status": "Available", "lat": 17.0005, "lng": 81.8040 },
  { "id": 13, "city": "Srikakulam", "district": "Srikakulam", "status": "Available", "lat": 18.2949, "lng": 83.8938 },
  { "id": 14, "city": "Tirupati", "district": "Tirupati", "status": "Busy", "lat": 13.6288, "lng": 79.4192 },
  { "id": 15, "city": "Vijayawada", "district": "Krishna", "status": "Available", "lat": 16.5062, "lng": 80.6480 },
  { "id": 16, "city": "Visakhapatnam", "district": "Visakhapatnam", "status": "Available", "lat": 17.6868, "lng": 83.2185 },
  { "id": 17, "city": "Vizianagaram", "district": "Vizianagaram", "status": "Busy", "lat": 18.1067, "lng": 83.3956 },

  { "id": 18, "city": "Addanki", "district": "Bapatla", "status": "Available", "lat": 15.8112, "lng": 79.9735 },
  { "id": 19, "city": "Adoni", "district": "Kurnool", "status": "Busy", "lat": 15.6322, "lng": 77.2759 },
  { "id": 20, "city": "Allagadda", "district": "Nandyal", "status": "Available", "lat": 15.1315, "lng": 78.5154 },
  { "id": 21, "city": "Amadalavalasa", "district": "Srikakulam", "status": "Available", "lat": 18.4158, "lng": 83.9020 },
  { "id": 22, "city": "Amalapuram", "district": "Konaseema", "status": "Busy", "lat": 16.5786, "lng": 82.0067 },
  { "id": 23, "city": "Anakapalli", "district": "Anakapalli", "status": "Available", "lat": 17.6913, "lng": 83.0039 },
  { "id": 24, "city": "Atmakur (Kurnool)", "district": "Nandyal", "status": "Maintenance", "lat": 15.8786, "lng": 78.5870 },
  { "id": 25, "city": "Atmakur (Nellore)", "district": "Nellore", "status": "Available", "lat": 14.6205, "lng": 79.7331 },

  { "id": 26, "city": "Badvel", "district": "YSR Kadapa", "status": "Busy", "lat": 14.7453, "lng": 79.0622 },
  { "id": 27, "city": "Bapatla", "district": "Bapatla", "status": "Available", "lat": 15.9042, "lng": 80.4676 },
  { "id": 28, "city": "Bhimavaram", "district": "West Godavari", "status": "Available", "lat": 16.5407, "lng": 81.5234 },
  { "id": 29, "city": "Bobbili", "district": "Vizianagaram", "status": "Busy", "lat": 18.5736, "lng": 83.3593 },
  { "id": 30, "city": "Chilakaluripet", "district": "Palnadu", "status": "Available", "lat": 16.0899, "lng": 80.1671 },

  { "id": 31, "city": "Chirala", "district": "Bapatla", "status": "Available", "lat": 15.8242, "lng": 80.3520 },
  { "id": 32, "city": "Dharmavaram", "district": "Sri Sathya Sai", "status": "Busy", "lat": 14.4136, "lng": 77.7126 },
  { "id": 33, "city": "Dhone", "district": "Nandyal", "status": "Available", "lat": 15.3956, "lng": 77.8727 },
  { "id": 34, "city": "Gudivada", "district": "Krishna", "status": "Available", "lat": 16.4355, "lng": 80.9957 },
  { "id": 35, "city": "Gudur", "district": "Nellore", "status": "Busy", "lat": 14.1487, "lng": 79.8475 },

  { "id": 36, "city": "Guntakal", "district": "Anantapur", "status": "Available", "lat": 15.1711, "lng": 77.3624 },
  { "id": 37, "city": "Hindupur", "district": "Sri Sathya Sai", "status": "Available", "lat": 13.8281, "lng": 77.4914 },
  { "id": 38, "city": "Ichchapuram", "district": "Srikakulam", "status": "Busy", "lat": 18.8731, "lng": 84.6873 },
  { "id": 39, "city": "Jaggaiahpet", "district": "NTR", "status": "Available", "lat": 16.8938, "lng": 80.0987 },
  { "id": 40, "city": "Jammalamadugu", "district": "YSR Kadapa", "status": "Busy", "lat": 14.8483, "lng": 78.3831 },

  { "id": 41, "city": "Kadiri", "district": "Sri Sathya Sai", "status": "Available", "lat": 14.1137, "lng": 78.1594 },
  { "id": 42, "city": "Kavali", "district": "Nellore", "status": "Available", "lat": 14.9160, "lng": 79.9929 },
  { "id": 43, "city": "Madanapalle", "district": "Annamayya", "status": "Busy", "lat": 13.5500, "lng": 78.5029 },
  { "id": 44, "city": "Nandyal", "district": "Nandyal", "status": "Available", "lat": 15.4786, "lng": 78.4831 },
  { "id": 45, "city": "Narasaraopet", "district": "Palnadu", "status": "Available", "lat": 16.2354, "lng": 80.0490 },

  { "id": 46, "city": "Palakollu", "district": "West Godavari", "status": "Busy", "lat": 16.5170, "lng": 81.7296 },
  { "id": 47, "city": "Proddatur", "district": "YSR Kadapa", "status": "Available", "lat": 14.7502, "lng": 78.5530 },
  { "id": 48, "city": "Rajampet", "district": "Annamayya", "status": "Busy", "lat": 14.1951, "lng": 79.1584 },
  { "id": 49, "city": "Srikalahasti", "district": "Tirupati", "status": "Available", "lat": 13.7490, "lng": 79.6984 },
  { "id": 50, "city": "Tadepalligudem", "district": "West Godavari", "status": "Available", "lat": 16.8138, "lng": 81.5212 }
]